{
  "products": [
    {
      "id": 1,
      "title": "Nike AIR Huarache Run",
      "desc": "product desc",
      "src": "images/shoe1.jpg",
      "price": 1500
    },
    {
      "id": 2,
      "title": "Nike AIR Jordan 1",
      "desc": "product desc",
      "src": "images/shoe2.jpg",
      "price": 1000
    },
    {
      "id": 3,
      "title": "Nike AIR Jordan 1 Retro",
      "desc": "product desc",
      "src": "images/shoe3.jpg",
      "price": 500
    }
  ],
  "cart": [
    {
      "title": "Nike AIR Huarache Run",
      "desc": "product desc",
      "src": "images/shoe1.jpg",
      "price": 1500,
      "quantity": 9,
      "id": 1
    },
    {
      "title": "Nike AIR Jordan 1 Retro",
      "desc": "product desc",
      "src": "images/shoe3.jpg",
      "price": 500,
      "quantity": 3,
      "id": 2
    },
    {
      "title": "Nike AIR Jordan 1 Retro",
      "desc": "product desc",
      "src": "images/shoe3.jpg",
      "price": 500,
      "quantity": 1,
      "id": 3
    }
  ]
}