{
  "questions": [
    {
      "id": 1,
      "questionText": "What is the capital of France?",
      "answerOptions": [
        {
          "answerText": "New York",
          "isCorrect": false
        },
        {
          "answerText": "London",
          "isCorrect": false
        },
        {
          "answerText": "Paris",
          "isCorrect": true
        },
        {
          "answerText": "Dublin",
          "isCorrect": false
        }
      ]
    },
    {
      "id": 2,
      "questionText": "Who is CEO of Tesla?",
      "answerOptions": [
        {
          "answerText": "Jeff Bezos",
          "isCorrect": false
        },
        {
          "answerText": "Elon Musk",
          "isCorrect": true
        },
        {
          "answerText": "Bill Gates",
          "isCorrect": false
        },
        {
          "answerText": "Tony Stark",
          "isCorrect": false
        }
      ]
    },
    {
      "id": 3,
      "questionText": "The iPhone was created by which company?",
      "answerOptions": [
        {
          "answerText": "Apple",
          "isCorrect": true
        },
        {
          "answerText": "Intel",
          "isCorrect": false
        },
        {
          "answerText": "Amazon",
          "isCorrect": false
        },
        {
          "answerText": "Microsoft",
          "isCorrect": false
        }
      ]
    },
    {
      "id": 4,
      "questionText": "How many Harry Potter books are there?",
      "answerOptions": [
        {
          "answerText": "1",
          "isCorrect": false
        },
        {
          "answerText": "4",
          "isCorrect": false
        },
        {
          "answerText": "6",
          "isCorrect": false
        },
        {
          "answerText": "7",
          "isCorrect": true
        }
      ]
    },
    {
      "questionText": "which is more popular",
      "answerOptions": [
        {
          "answerText": "angular",
          "isCorrect": true
        },
        {
          "answerText": "react",
          "isCorrect": false
        },
        {
          "answerText": "ember",
          "isCorrect": false
        }
      ],
      "id": 5
    },
    {
      "questionText": "which is more popular js framework",
      "answerOptions": [
        {
          "answerText": "angular",
          "isCorrect": false
        },
        {
          "answerText": "react",
          "isCorrect": true
        },
        {
          "answerText": "ember",
          "isCorrect": false
        },
        {
          "answerText": "none",
          "isCorrect": false
        }
      ],
      "id": 6
    }
  ]
}